scenario_id,load_scale,phase_a_factor,phase_b_factor,phase_c_factor,pv_scale,bess_p_discharge_mw,mode
base,1.0,1.0,1.0,1.0,0.0,0.0,grid_connected
high_load,1.25,1.0,1.0,1.0,0.0,0.0,grid_connected
high_pv_midday,0.75,1.0,1.0,1.0,1.0,0.0,grid_connected
phase_b_heavy,1.0,0.9,1.45,0.9,0.4,0.0,grid_connected
evening_peak_bess_discharge,1.35,1.05,1.2,1.0,0.05,0.009,grid_connected
bess_charging,0.95,1.0,1.0,1.0,0.75,-0.009,grid_connected
stress_unbalance,1.6,0.75,1.85,0.85,0.1,0.0,grid_connected
